一级部位,二级部位,检查方法,检查模态
头部,头颅,正位,DR
头部,头颅,侧位,DR
头部,头颅,切线位,DR
头部,颅底,轴位,DR
头部,蝶鞍,侧位,DR
头部,茎突,正位,DR
头部,茎突,侧位,DR
头部,乳突,许氏位,DR
头部,乳突,梅氏位,DR
头部,颧骨弓,斜位,DR
头部,颧骨弓,轴位,DR
头部,颧骨弓,正位,DR
头部,鼻窦,瓦氏位,DR
头部,鼻窦,柯氏位,DR
头部,鼻骨,侧位,DR
头部,上颌骨,正位,DR
头部,上颌骨,侧位,DR
头部,上颌骨,斜位,DR
头部,下颌骨,正位,DR
头部,下颌骨,侧位,DR
头部,下颌骨,斜位,DR
头部,颞颌关节,薛氏位,DR
头部,颞颌关节,张口闭口位,DR
头部,左颞颌关节,薛氏位,DR
头部,左颞颌关节,张口闭口位,DR
头部,右颞颌关节,薛氏位,DR
头部,右颞颌关节,张口闭口位,DR
头部,双颞颌关节,薛氏位,DR
头部,双颞颌关节,张口闭口位,DR
头部,眼眶,正位,DR
头部,眼眶,侧位,DR
头部,眼眶,斜位,DR
头部,左眼眶,正位,DR
头部,左眼眶,侧位,DR
头部,左眼眶,斜位,DR
头部,右眼眶,正位,DR
头部,右眼眶,侧位,DR
头部,右眼眶,斜位,DR
头部,双眼眶,正位,DR
头部,双眼眶,侧位,DR
头部,双眼眶,斜位,DR
头部,鼻咽部,侧位,DR
头部,鼻咽部,正位,DR
头部,口腔,全景片,DR
头部,口腔,根尖片,DR
头部,口腔,咬合片,DR
颈部,颈部,正位,DR
颈部,颈部,侧位,DR
颈部,喉咽部,正位,DR
颈部,喉咽部,侧位,DR
胸部,胸部,正位,DR
胸部,胸部,侧位,DR
胸部,胸部,斜位,DR
胸部,胸部,侧斜位,DR
胸部,肺,前弓位,DR
胸部,气管,正位,DR
胸部,气管,侧位,DR
胸部,气管,A-V片,DR
胸部,气管,M-V片,DR
胸部,心脏,正位,DR
胸部,心脏,右前斜位,DR
胸部,心脏,左前斜位,DR
胸部,胸骨,正位,DR
胸部,胸骨,侧位,DR
胸部,胸骨,斜位,DR
胸部,肋骨,正位,DR
胸部,肋骨,侧位,DR
胸部,肋骨,斜位,DR
胸部,肋骨,侧斜位,DR
胸部,肋骨,切线位,DR
胸部,乳腺,正位,DR
胸部,左侧乳腺,正位,DR
胸部,右侧乳腺,正位,DR
胸部,双侧乳腺,正位,DR
胸部,乳腺,斜位,DR
胸部,左侧乳腺,斜位,DR
胸部,右侧乳腺,斜位,DR
胸部,双侧乳腺,斜位,DR
腹部,上腹部,正位,DR
腹部,全腹部,立位,DR
腹部,全腹部,卧位,DR
腹部,全腹部,倒立位,DR
腹部,全腹部,立卧位,DR
腹部,全腹部,正位,DR
腹部,全腹部,侧位,DR
腹部,全腹部,正卧位,DR
腹部,全腹部,侧卧位,DR
腹部,全腹部,倒立正位,DR
腹部,全腹部,倒立侧位,DR
腹部,盆腔,正位,DR
腹部,泌尿系,正位,DR
腹部,膀胱区,正位,DR
腹部,膀胱区,斜位,DR
腹部,膀胱区,侧位,DR
脊柱,第一二颈椎,张口位,DR
脊柱,颈椎,正位,DR
脊柱,颈椎,侧位,DR
脊柱,颈椎,斜位,DR
脊柱,颈椎,左斜位,DR
脊柱,颈椎,右斜位,DR
脊柱,颈椎,双斜位,DR
脊柱,颈椎,过伸过屈位,DR
脊柱,胸椎,正位,DR
脊柱,胸椎,侧位,DR
脊柱,胸椎,斜位,DR
脊柱,胸椎,左斜位,DR
脊柱,胸椎,右斜位,DR
脊柱,胸椎,双斜位,DR
脊柱,腰椎,正位,DR
脊柱,腰椎,侧位,DR
脊柱,腰椎,斜位,DR
脊柱,腰椎,左斜位,DR
脊柱,腰椎,右斜位,DR
脊柱,腰椎,双斜位,DR
脊柱,腰椎,过伸过屈位,DR
脊柱,骶椎,正位,DR
脊柱,骶椎,侧位,DR
脊柱,尾椎,正位,DR
脊柱,尾椎,侧位,DR
脊柱,颈胸椎,正位,DR
脊柱,颈胸椎,侧位,DR
脊柱,胸腰椎,正位,DR
脊柱,胸腰椎,侧位,DR
脊柱,胸腰椎,过伸过屈位,DR
脊柱,腰骶椎,正位,DR
脊柱,腰骶椎,侧位,DR
脊柱,骶尾椎,正位,DR
脊柱,骶尾椎,侧位,DR
脊柱,全脊柱,正位,DR
脊柱,全脊柱,侧位,DR
上肢,肩锁关节,正位,DR
上肢,肩锁关节,功能位,DR
上肢,左肩锁关节,正位,DR
上肢,左肩锁关节,功能位,DR
上肢,右肩锁关节,正位,DR
上肢,右肩锁关节,功能位,DR
上肢,双肩锁关节,正位,DR
上肢,双肩锁关节,功能位,DR
上肢,胸锁关节,正位,DR
上肢,胸锁关节,斜位,DR
上肢,胸锁关节,左斜位,DR
上肢,胸锁关节,右斜位,DR
上肢,胸锁关节,双斜位,DR
上肢,左胸锁关节,正位,DR
上肢,左胸锁关节,斜位,DR
上肢,左胸锁关节,左斜位,DR
上肢,左胸锁关节,右斜位,DR
上肢,左胸锁关节,双斜位,DR
上肢,右胸锁关节,正位,DR
上肢,右胸锁关节,斜位,DR
上肢,右胸锁关节,左斜位,DR
上肢,右胸锁关节,右斜位,DR
上肢,右胸锁关节,双斜位,DR
上肢,双胸锁关节,正位,DR
上肢,双胸锁关节,斜位,DR
上肢,双胸锁关节,左斜位,DR
上肢,双胸锁关节,右斜位,DR
上肢,双胸锁关节,双斜位,DR
上肢,锁骨,正位,DR
上肢,锁骨,轴位,DR
上肢,锁骨,斜位,DR
上肢,左锁骨,正位,DR
上肢,左锁骨,轴位,DR
上肢,左锁骨,斜位,DR
上肢,右锁骨,正位,DR
上肢,右锁骨,轴位,DR
上肢,右锁骨,斜位,DR
上肢,双锁骨,正位,DR
上肢,双锁骨,轴位,DR
上肢,双锁骨,斜位,DR
上肢,肩胛骨,正位,DR
上肢,肩胛骨,侧位,DR
上肢,左肩胛骨,正位,DR
上肢,左肩胛骨,侧位,DR
上肢,右肩胛骨,正位,DR
上肢,右肩胛骨,侧位,DR
上肢,双肩胛骨,正位,DR
上肢,双肩胛骨,侧位,DR
上肢,肱骨,正位,DR
上肢,肱骨,侧位,DR
上肢,左肱骨,正位,DR
上肢,左肱骨,侧位,DR
上肢,右肱骨,正位,DR
上肢,右肱骨,侧位,DR
上肢,双肱骨,正位,DR
上肢,双肱骨,侧位,DR
上肢,肘关节,正位,DR
上肢,肘关节,侧位,DR
上肢,左肘关节,正位,DR
上肢,左肘关节,侧位,DR
上肢,右肘关节,正位,DR
上肢,右肘关节,侧位,DR
上肢,双肘关节,正位,DR
上肢,双肘关节,侧位,DR
上肢,尺桡骨,正位,DR
上肢,尺桡骨,侧位,DR
上肢,左尺桡骨,正位,DR
上肢,左尺桡骨,侧位,DR
上肢,右尺桡骨,正位,DR
上肢,右尺桡骨,侧位,DR
上肢,双尺桡骨,正位,DR
上肢,双尺桡骨,侧位,DR
上肢,腕关节,正位,DR
上肢,腕关节,侧位,DR
上肢,腕关节,外展位,DR
上肢,左腕关节,正位,DR
上肢,左腕关节,侧位,DR
上肢,左腕关节,外展位,DR
上肢,右腕关节,正位,DR
上肢,右腕关节,侧位,DR
上肢,右腕关节,外展位,DR
上肢,双腕关节,正位,DR
上肢,双腕关节,侧位,DR
上肢,双腕关节,外展位,DR
上肢,手,正位,DR
上肢,手,斜位,DR
上肢,手,侧位,DR
上肢,左手,正位,DR
上肢,左手,斜位,DR
上肢,左手,侧位,DR
上肢,右手,正位,DR
上肢,右手,斜位,DR
上肢,右手,侧位,DR
上肢,双手,正位,DR
上肢,双手,斜位,DR
上肢,双手,侧位,DR
上肢,手指,正位,DR
上肢,手指,侧位,DR
上肢,左手指,正位,DR
上肢,左手指,侧位,DR
上肢,右手指,正位,DR
上肢,右手指,侧位,DR
上肢,双手指,正位,DR
上肢,双手指,侧位,DR
上肢,上肢全长,正位,DR
上肢,上肢全长,侧位,DR
上肢,左上肢全长,正位,DR
上肢,左上肢全长,侧位,DR
上肢,右上肢全长,正位,DR
上肢,右上肢全长,侧位,DR
上肢,双上肢全长,正位,DR
上肢,双上肢全长,侧位,DR
下肢,骨盆,正位,DR
下肢,骨盆,侧位,DR
下肢,骨盆,斜位,DR
下肢,骨盆,出口入口位,DR
下肢,闭孔,正位,DR
下肢,闭孔,斜位,DR
下肢,左闭孔,正位,DR
下肢,左闭孔,斜位,DR
下肢,右闭孔,正位,DR
下肢,右闭孔,斜位,DR
下肢,双闭孔,正位,DR
下肢,双闭孔,斜位,DR
下肢,髋关节,正位,DR
下肢,髋关节,侧位,DR
下肢,髋关节,斜位,DR
下肢,髋关节,轴位,DR
下肢,髋关节,蛙型位,DR
下肢,髋关节,DUNN位,DR
下肢,左髋关节,正位,DR
下肢,左髋关节,侧位,DR
下肢,左髋关节,斜位,DR
下肢,左髋关节,轴位,DR
下肢,左髋关节,蛙型位,DR
下肢,左髋关节,DUNN位,DR
下肢,右髋关节,正位,DR
下肢,右髋关节,侧位,DR
下肢,右髋关节,斜位,DR
下肢,右髋关节,轴位,DR
下肢,右髋关节,蛙型位,DR
下肢,右髋关节,DUNN位,DR
下肢,双髋关节,正位,DR
下肢,双髋关节,侧位,DR
下肢,双髋关节,斜位,DR
下肢,双髋关节,轴位,DR
下肢,双髋关节,蛙型位,DR
下肢,双髋关节,DUNN位,DR
下肢,髂骨,正位,DR
下肢,髂骨,斜位,DR
下肢,股骨,正位,DR
下肢,股骨,侧位,DR
下肢,左股骨,正位,DR
下肢,左股骨,侧位,DR
下肢,右股骨,正位,DR
下肢,右股骨,侧位,DR
下肢,双股骨,正位,DR
下肢,双股骨,侧位,DR
下肢,膝关节,正位,DR
下肢,膝关节,侧位,DR
下肢,左膝关节,正位,DR
下肢,左膝关节,侧位,DR
下肢,右膝关节,正位,DR
下肢,右膝关节,侧位,DR
下肢,双膝关节,正位,DR
下肢,双膝关节,侧位,DR
下肢,髌骨,侧位,DR
下肢,髌骨,轴位,DR
下肢,髌骨,侧轴位,DR
下肢,左髌骨,侧位,DR
下肢,左髌骨,轴位,DR
下肢,左髌骨,侧轴位,DR
下肢,右髌骨,侧位,DR
下肢,右髌骨,轴位,DR
下肢,右髌骨,侧轴位,DR
下肢,双髌骨,侧位,DR
下肢,双髌骨,轴位,DR
下肢,双髌骨,侧轴位,DR
下肢,胫腓骨,正位,DR
下肢,胫腓骨,侧位,DR
下肢,左胫腓骨,正位,DR
下肢,左胫腓骨,侧位,DR
下肢,右胫腓骨,正位,DR
下肢,右胫腓骨,侧位,DR
下肢,双胫腓骨,正位,DR
下肢,双胫腓骨,侧位,DR
下肢,踝关节,正位,DR
下肢,踝关节,侧位,DR
下肢,踝关节,踝穴位,DR
下肢,左踝关节,正位,DR
下肢,左踝关节,侧位,DR
下肢,左踝关节,踝穴位,DR
下肢,右踝关节,正位,DR
下肢,右踝关节,侧位,DR
下肢,右踝关节,踝穴位,DR
下肢,双踝关节,正位,DR
下肢,双踝关节,侧位,DR
下肢,双踝关节,踝穴位,DR
下肢,跟骨,侧位,DR
下肢,跟骨,轴位,DR
下肢,跟骨,侧轴位,DR
下肢,左跟骨,侧位,DR
下肢,左跟骨,轴位,DR
下肢,左跟骨,侧轴位,DR
下肢,右跟骨,侧位,DR
下肢,右跟骨,轴位,DR
下肢,右跟骨,侧轴位,DR
下肢,双跟骨,侧位,DR
下肢,双跟骨,轴位,DR
下肢,双跟骨,侧轴位,DR
下肢,足部,正位,DR
下肢,足部,侧位,DR
下肢,足部,斜位,DR
下肢,足部,足弓位,DR
下肢,左足部,正位,DR
下肢,左足部,侧位,DR
下肢,左足部,斜位,DR
下肢,左足部,足弓位,DR
下肢,右足部,正位,DR
下肢,右足部,侧位,DR
下肢,右足部,斜位,DR
下肢,右足部,足弓位,DR
下肢,双足部,正位,DR
下肢,双足部,侧位,DR
下肢,双足部,斜位,DR
下肢,双足部,足弓位,DR
下肢,足趾,正位,DR
下肢,足趾,侧位,DR
下肢,足趾,斜位,DR
下肢,左足趾,正位,DR
下肢,左足趾,侧位,DR
下肢,左足趾,斜位,DR
下肢,右足趾,正位,DR
下肢,右足趾,侧位,DR
下肢,右足趾,斜位,DR
下肢,双足趾,正位,DR
下肢,双足趾,侧位,DR
下肢,双足趾,斜位,DR
下肢,足子骨,轴位,DR
下肢,左足子骨,轴位,DR
下肢,右足子骨,轴位,DR
下肢,双足子骨,轴位,DR
下肢,坐骨,正位,DR
下肢,左坐骨,正位,DR
下肢,右坐骨,正位,DR
下肢,双坐骨,正位,DR
下肢,耻骨,正位,DR
下肢,左耻骨,正位,DR
下肢,右耻骨,正位,DR
下肢,双耻骨,正位,DR
下肢,下肢全长,正位,DR
下肢,下肢全长,侧位,DR
下肢,左下肢全长,正位,DR
下肢,左下肢全长,侧位,DR
下肢,右下肢全长,正位,DR
下肢,右下肢全长,侧位,DR
下肢,双下肢全长,正位,DR
下肢,双下肢全长,侧位,DR
头部,颅脑,平扫,CT
头部,颅脑,增强,CT
头部,颅脑,CTP,CT
头部,颅底,平扫,CT
头部,颅底,平扫薄层扫描,CT
头部,颅脑动脉,CTA,CT
头部,颅脑静脉,CTV,CT
头部,鞍区,平扫,CT
头部,鞍区,增强,CT
头部,耳颞部,平扫,CT
头部,耳颞部,增强,CT
头部,鼻窦,平扫,CT
头部,鼻窦,增强,CT
头部,鼻骨,平扫,CT
头部,鼻骨,增强,CT
头部,鼻骨,平扫薄层扫描,CT
头部,口腔,平扫,CT
头部,颞颌关节,平扫,CT
头部,颞颌关节,增强,CT
头部,颌面部,平扫,CT
头部,颌面部,增强,CT
头部,茎突,平扫,CT
头部,视神经管,平扫,CT
头部,眼眶,平扫,CT
头部,眼眶,增强,CT
头部,上颌骨,平扫,CT
头部,上颌骨,增强,CT
头部,下颌骨,平扫,CT
头部,下颌骨,增强,CT
头部,颧骨弓,平扫,CT
头部,颧骨弓,增强,CT
头部,腮腺,平扫,CT
头部,腮腺,增强,CT
头部,鼻咽部,平扫,CT
头部,鼻咽部,增强,CT
胸部,椎动脉,CTA,CT
头部,下颌下腺,平扫,CT
头部,下颌下腺,增强,CT
头颈部,头颈部,平扫,CT
头颈部,头颈部,增强,CT
头颈部,头颈部动脉,CTA,CT
头颈部,头颈部静脉,CTV,CT
颈部,颈部,平扫,CT
颈部,颈部,增强,CT
颈部,口咽部,平扫,CT
颈部,口咽部,增强,CT
颈部,喉咽部,平扫,CT
颈部,喉咽部,增强,CT
颈部,甲状腺,平扫,CT
颈部,甲状腺,增强,CT
颈部,颈部动脉,CTA,CT
颈部,颈部静脉,CTV,CT
胸部,胸部,平扫,CT
胸部,胸部,增强,CT
胸部,胸部,HRCT（高分辨力平扫）,CT
胸部,食道,增强,CT
胸部,食道,平扫,CT
胸部,肺,平扫,CT
胸部,肺,低剂量平扫,CT
胸部,气管,CTVE,CT
胸部,纵隔,平扫,CT
胸部,纵隔,增强,CT
胸部,胸骨,平扫,CT
胸部,肋骨,平扫,CT
胸部,肋骨,增强,CT
胸部,胸腺,平扫,CT
胸部,胸腺,增强,CT
胸部,心脏,平扫,CT
胸部,心脏,增强,CT
胸部,心脏,CTA,CT
胸部,乳腺,平扫,CT
胸部,左侧乳腺,平扫,CT
胸部,右侧乳腺,平扫,CT
胸部,双侧乳腺,平扫,CT
胸部,乳腺,增强,CT
胸部,左侧乳腺,增强,CT
胸部,右侧乳腺,增强,CT
胸部,双侧乳腺,增强,CT
胸部,肋间动脉,CTA,CT
胸部,胸主动脉,CTA,CT
胸部,支气管动脉,CTA,CT
胸部,冠状动脉,CTA,CT
胸部,肺静脉左心房,CTV,CT
胸部,肺动脉,CTA,CT
胸部,胸壁动脉,CTA,CT
胸部,上腔静脉,CTV,CT
腹部,全腹部,平扫,CT
腹部,全腹部,增强,CT
腹部,下腹部,平扫,CT
腹部,下腹部,增强,CT
腹部,中腹部,平扫,CT
腹部,中腹部,增强,CT
腹部,上腹部,平扫,CT
腹部,上腹部,增强,CT
腹部,盆腔,平扫,CT
腹部,盆腔,增强,CT
腹部,肝脏,平扫,CT
腹部,肝脏,增强,CT
腹部,胆囊,平扫,CT
腹部,胆囊,增强,CT
腹部,胰腺,平扫,CT
腹部,胰腺,增强,CT
腹部,脾脏,平扫,CT
腹部,脾脏,增强,CT
腹部,肾脏,平扫,CT
腹部,肾脏,增强,CT
腹部,肾上腺,平扫,CT
腹部,肾上腺,增强,CT
腹部,胃部,平扫,CT
腹部,胃部,增强,CT
腹部,胃部,平扫薄层扫描,CT
腹部,小肠,平扫,CT
腹部,小肠,增强,CT
腹部,结肠,平扫,CT
腹部,结肠,增强,CT
腹部,结肠,平扫薄层扫描,CT
腹部,阑尾,平扫,CT
腹部,阑尾,增强,CT
腹部,直肠,平扫,CT
腹部,直肠,增强,CT
腹部,直肠,平扫薄层扫描,CT
腹部,泌尿系,平扫,CT
腹部,泌尿系,增强,CT
腹部,泌尿系,CTU（尿路系成像）,CT
腹部,下腔静脉,CTV,CT
腹部,门静脉,CTV,CT
腹部,腹主动脉,CTA,CT
腹部,肾静脉,CTV,CT
腹部,肾动脉,CTA,CT
腹部,肠系膜动脉,CTA,CT
腹部,肠系膜静脉,CTV,CT
腹部,会阴部,平扫,CT
腹部,会阴部,增强,CT
脊柱,颈椎,平扫,CT
脊柱,颈椎,增强,CT
脊柱,胸椎,平扫,CT
脊柱,胸椎,增强,CT
脊柱,腰椎,平扫,CT
脊柱,腰椎,增强,CT
脊柱,骶椎,平扫,CT
脊柱,骶椎,增强,CT
脊柱,尾椎,平扫,CT
脊柱,尾椎,增强,CT
脊柱,颈胸椎,平扫,CT
脊柱,颈胸椎,增强,CT
脊柱,胸腰椎,平扫,CT
脊柱,胸腰椎,增强,CT
脊柱,腰骶椎,平扫,CT
脊柱,腰骶椎,增强,CT
脊柱,骶尾椎,平扫,CT
脊柱,骶尾椎,增强,CT
脊柱,颈椎椎间盘,平扫,CT
脊柱,颈椎椎间盘,增强,CT
脊柱,胸椎椎间盘,平扫,CT
脊柱,胸椎椎间盘,增强,CT
脊柱,腰椎椎间盘,平扫,CT
脊柱,腰椎椎间盘,增强,CT
脊柱,脊髓动脉胸段,CTA,CT
脊柱,脊髓动脉腰段,CTA,CT
脊柱,脊髓动脉颈段,CTA,CT
脊柱,全脊柱,平扫,CT
脊柱,全脊柱,增强,CT
上肢,手,平扫,CT
上肢,手,增强,CT
上肢,左手,平扫,CT
上肢,左手,增强,CT
上肢,右手,平扫,CT
上肢,右手,增强,CT
上肢,双手,平扫,CT
上肢,双手,增强,CT
上肢,手指,平扫,CT
上肢,手指,增强,CT
上肢,左手指,平扫,CT
上肢,左手指,增强,CT
上肢,右手指,平扫,CT
上肢,右手指,增强,CT
上肢,双手指,平扫,CT
上肢,双手指,增强,CT
上肢,腕关节,平扫,CT
上肢,腕关节,增强,CT
上肢,左腕关节,平扫,CT
上肢,左腕关节,增强,CT
上肢,右腕关节,平扫,CT
上肢,右腕关节,增强,CT
上肢,双腕关节,平扫,CT
上肢,双腕关节,增强,CT
上肢,尺桡骨,平扫,CT
上肢,尺桡骨,增强,CT
上肢,左尺桡骨,平扫,CT
上肢,左尺桡骨,增强,CT
上肢,右尺桡骨,平扫,CT
上肢,右尺桡骨,增强,CT
上肢,双尺桡骨,平扫,CT
上肢,双尺桡骨,增强,CT
上肢,肘关节,平扫,CT
上肢,肘关节,增强,CT
上肢,左肘关节,平扫,CT
上肢,左肘关节,增强,CT
上肢,右肘关节,平扫,CT
上肢,右肘关节,增强,CT
上肢,双肘关节,平扫,CT
上肢,双肘关节,增强,CT
上肢,肱骨,平扫,CT
上肢,肱骨,增强,CT
上肢,左肱骨,平扫,CT
上肢,左肱骨,增强,CT
上肢,右肱骨,平扫,CT
上肢,右肱骨,增强,CT
上肢,双肱骨,平扫,CT
上肢,双肱骨,增强,CT
上肢,肩关节,平扫,CT
上肢,肩关节,增强,CT
上肢,左肩关节,平扫,CT
上肢,左肩关节,增强,CT
上肢,右肩关节,平扫,CT
上肢,右肩关节,增强,CT
上肢,双肩关节,平扫,CT
上肢,双肩关节,增强,CT
上肢,肩胛骨,平扫,CT
上肢,肩胛骨,增强,CT
上肢,左肩胛骨,平扫,CT
上肢,左肩胛骨,增强,CT
上肢,右肩胛骨,平扫,CT
上肢,右肩胛骨,增强,CT
上肢,双肩胛骨,平扫,CT
上肢,双肩胛骨,增强,CT
上肢,肩锁关节,平扫,CT
上肢,肩锁关节,增强,CT
上肢,左肩锁关节,平扫,CT
上肢,左肩锁关节,增强,CT
上肢,右肩锁关节,平扫,CT
上肢,右肩锁关节,增强,CT
上肢,双肩锁关节,平扫,CT
上肢,双肩锁关节,增强,CT
上肢,锁骨,平扫,CT
上肢,锁骨,增强,CT
上肢,左锁骨,平扫,CT
上肢,左锁骨,增强,CT
上肢,右锁骨,平扫,CT
上肢,右锁骨,增强,CT
上肢,双锁骨,平扫,CT
上肢,双锁骨,增强,CT
上肢,胸锁关节,平扫,CT
上肢,胸锁关节,增强,CT
上肢,左胸锁关节,平扫,CT
上肢,左胸锁关节,增强,CT
上肢,右胸锁关节,平扫,CT
上肢,右胸锁关节,增强,CT
上肢,双胸锁关节,平扫,CT
上肢,双胸锁关节,增强,CT
上肢,上肢全长,平扫,CT
上肢,上肢全长,增强,CT
上肢,左上肢全长,平扫,CT
上肢,左上肢全长,增强,CT
上肢,右上肢全长,平扫,CT
上肢,右上肢全长,平扫,CT
上肢,双上肢全长,平扫,CT
上肢,双上肢全长,平扫,CT
上肢,上肢动脉,CTA,CT
上肢,左上肢动脉,CTA,CT
上肢,右上肢动脉,CTA,CT
上肢,双上肢动脉,CTA,CT
上肢,上肢静脉,CTV,CT
上肢,左上肢静脉,CTV,CT
上肢,右上肢静脉,CTV,CT
上肢,双上肢静脉,CTV,CT
上肢,锁骨下动脉,CTA,CT
上肢,左锁骨下动脉,CTA,CT
上肢,右锁骨下动脉,CTA,CT
上肢,双锁骨下动脉,CTA,CT
上肢,锁骨下静脉,CTV,CT
上肢,左锁骨下静脉,CTV,CT
上肢,右锁骨下静脉,CTV,CT
上肢,双锁骨下静脉,CTV,CT
下肢,足部,平扫,CT
下肢,足部,增强,CT
下肢,左足部,平扫,CT
下肢,左足部,增强,CT
下肢,右足部,平扫,CT
下肢,右足部,增强,CT
下肢,双足部,平扫,CT
下肢,双足部,增强,CT
下肢,踝关节,平扫,CT
下肢,踝关节,增强,CT
下肢,左踝关节,平扫,CT
下肢,左踝关节,增强,CT
下肢,右踝关节,平扫,CT
下肢,右踝关节,增强,CT
下肢,双踝关节,平扫,CT
下肢,双踝关节,增强,CT
下肢,胫腓骨,平扫,CT
下肢,胫腓骨,增强,CT
下肢,左胫腓骨,平扫,CT
下肢,左胫腓骨,增强,CT
下肢,右胫腓骨,平扫,CT
下肢,右胫腓骨,增强,CT
下肢,双胫腓骨,平扫,CT
下肢,双胫腓骨,增强,CT
下肢,膝关节,平扫,CT
下肢,膝关节,增强,CT
下肢,左膝关节,平扫,CT
下肢,左膝关节,增强,CT
下肢,右膝关节,平扫,CT
下肢,右膝关节,增强,CT
下肢,双膝关节,平扫,CT
下肢,双膝关节,增强,CT
下肢,股骨,平扫,CT
下肢,股骨,增强,CT
下肢,左股骨,平扫,CT
下肢,左股骨,增强,CT
下肢,右股骨,平扫,CT
下肢,右股骨,增强,CT
下肢,双股骨,平扫,CT
下肢,双股骨,增强,CT
下肢,髋关节,平扫,CT
下肢,髋关节,增强,CT
下肢,左髋关节,平扫,CT
下肢,左髋关节,增强,CT
下肢,右髋关节,平扫,CT
下肢,右髋关节,增强,CT
下肢,双髋关节,平扫,CT
下肢,双髋关节,增强,CT
下肢,下肢静脉,CTV,CT
下肢,左下肢静脉,CTV,CT
下肢,右下肢静脉,CTV,CT
下肢,双下肢静脉,CTV,CT
下肢,下肢动脉,CTA,CT
下肢,左下肢动脉,CTA,CT
下肢,右下肢动脉,CTA,CT
下肢,双下肢动脉,CTA,CT
下肢,骶髂关节,平扫,CT
下肢,左骶髂关节,平扫,CT
下肢,右骶髂关节,平扫,CT
下肢,双骶髂关节,平扫,CT
下肢,骶髂关节,增强,CT
下肢,左骶髂关节,增强,CT
下肢,右骶髂关节,增强,CT
下肢,双骶髂关节,增强,CT
下肢,髂动脉,CTA,CT
下肢,左髂动脉,CTA,CT
下肢,右髂动脉,CTA,CT
下肢,双髂动脉,CTA,CT
下肢,髂静脉,CTV,CT
下肢,左髂静脉,CTV,CT
下肢,右髂静脉,CTV,CT
下肢,双髂静脉,CTV,CT
下肢,骨盆,平扫,CT
下肢,骨盆,增强,CT
头部,颅脑,平扫,MR
头部,颅脑,增强,MR
头部,颅脑,SWI,MR
头部,颅脑,ASL,MR
头部,颅脑,MRS,MR
头部,颅脑,DWI,MR
头部,颅脑,PWI,MR
头部,颅脑,DTI,MR
头部,颅底,平扫,MR
头部,颅底,增强,MR
头部,颅脑动脉,MRA,MR
头部,颅脑动脉,TOF-MRA,MR
头部,颅脑静脉,MRV,MR
头部,颅脑静脉,PC-MRV,MR
头部,颅内动脉血管壁,HRMR-VWI,MR
头部,鞍区,平扫,MR
头部,鞍区,增强,MR
头部,海马,平扫,MR
头部,海马,平扫薄层扫描,MR
头部,海绵窦,平扫,MR
头部,海绵窦,增强,MR
头部,耳颞部,平扫,MR
头部,耳颞部,增强,MR
头部,颞颌关节,平扫,MR
头部,颞颌关节,增强,MR
头部,颌面部,平扫,MR
头部,颌面部,增强,MR
头部,鼻窦,平扫,MR
头部,鼻窦,增强,MR
头部,眼眶,平扫,MR
头部,眼眶,增强,MR
头部,腮腺,平扫,MR
头部,腮腺,增强,MR
头部,鼻咽部,平扫,MR
头部,鼻咽部,增强,MR
头部,下颌骨,平扫,MR
头部,下颌骨,增强,MR
头部,口腔,平扫,MR
头部,口腔,增强,MR
头部,脑神经,平扫,MR
头部,脑神经,增强,MR
头部,脑神经,平扫薄层扫描,MR
头部,脑神经,MRTA,MR
头部,脑脊液,电影成像,MR
胸部,椎动脉,MRA,MR
胸部,椎动脉,CE-MRA,MR
头部,舌部,平扫,MR
头部,舌部,增强,MR
头部,颅颈动脉,增强,MR
头部,颅颈血管壁,HRMR-VWI,MR
头颈部,头颈部,平扫,MR
头颈部,头颈部,增强,MR
头颈部,头颈部动脉,MRA,MR
头颈部,头颈部动脉,CE-MRA,MR
颈部,颈部,平扫,MR
颈部,颈部,增强,MR
颈部,甲状腺,平扫,MR
颈部,甲状腺,增强,MR
颈部,口咽部,平扫,MR
颈部,口咽部,增强,MR
颈部,喉咽部,平扫,MR
颈部,喉咽部,增强,MR
颈部,颈部动脉,MRA,MR
颈部,颈部动脉,CE-MRA,MR
颈部,颈部动脉血管壁,HRMR-VWI,MR
胸部,胸部,平扫,MR
胸部,胸部,增强,MR
胸部,乳腺,平扫,MR
胸部,左侧乳腺,平扫,MR
胸部,右侧乳腺,平扫,MR
胸部,双侧乳腺,平扫,MR
胸部,乳腺,增强,MR
胸部,左侧乳腺,增强,MR
胸部,右侧乳腺,增强,MR
胸部,双侧乳腺,增强,MR
胸部,心脏,平扫,MR
胸部,心脏,增强,MR
胸部,心脏,心肌灌注成像,MR
胸部,食道,平扫,MR
胸部,食道,增强,MR
胸部,胸壁,平扫,MR
胸部,胸壁,增强,MR
胸部,冠状动脉,MRA,MR
胸部,胸骨,平扫,MR
胸部,胸腺,平扫,MR
胸部,胸腺,增强,MR
胸部,纵隔,平扫,MR
胸部,纵隔,增强,MR
腹部,肝脏,平扫,MR
腹部,肝脏,增强,MR
腹部,胆胰管,MRCP,MR
腹部,胰腺,平扫,MR
腹部,胰腺,增强,MR
腹部,肾上腺,平扫,MR
腹部,肾上腺,增强,MR
腹部,上腹部,平扫,MR
腹部,上腹部,增强,MR
腹部,肾脏,平扫,MR
腹部,肾脏,增强,MR
腹部,泌尿系,MRU,MR
腹部,前列腺,平扫,MR
腹部,前列腺,增强,MR
腹部,子宫,平扫,MR
腹部,子宫,增强,MR
腹部,盆腔,平扫,MR
腹部,盆腔,增强,MR
腹部,盆底,平扫,MR
腹部,盆底,增强,MR
腹部,中腹部,平扫,MR
腹部,中腹部,增强,MR
腹部,小肠,平扫,MR
腹部,小肠,增强,MR
腹部,直肠,平扫,MR
腹部,直肠,增强,MR
腹部,会阴部,平扫,MR
腹部,会阴部,增强,MR
腹部,肛管,平扫,MR
腹部,肛管,增强,MR
腹部,肾动脉,MRA,MR
腹部,腹壁,平扫,MR
腹部,腹壁,增强,MR
腹部,脾脏,平扫,MR
腹部,脾脏,增强,MR
腹部,门静脉,MRV,MR
腹部,肝静脉,MRV,MR
腹部,肾动脉（移植）,MRA,MR
腹部,胃部,平扫,MR
腹部,胃部,增强,MR
腹部,胎儿,平扫,MR
腹部,胎儿,增强,MR
脊柱,颈椎,平扫,MR
脊柱,颈椎,增强,MR
脊柱,胸椎,平扫,MR
脊柱,胸椎,增强,MR
脊柱,腰椎,平扫,MR
脊柱,腰椎,增强,MR
脊柱,颈椎椎间盘,平扫,MR
脊柱,颈椎椎间盘,增强,MR
脊柱,胸椎椎间盘,平扫,MR
脊柱,胸椎椎间盘,增强,MR
脊柱,腰椎椎间盘,平扫,MR
脊柱,腰椎椎间盘,增强,MR
脊柱,颈胸椎,平扫,MR
脊柱,颈胸椎,增强,MR
脊柱,胸腰椎,平扫,MR
脊柱,胸腰椎,增强,MR
脊柱,颈胸腰椎,平扫,MR
脊柱,颈胸腰椎,增强,MR
脊柱,腰骶椎,平扫,MR
脊柱,腰骶椎,增强,MR
脊柱,骶尾椎,平扫,MR
脊柱,骶尾椎,增强,MR
脊柱,颈丛神经,平扫,MR
脊柱,颈丛神经,增强,MR
脊柱,臂丛神经,平扫,MR
脊柱,臂丛神经,增强,MR
脊柱,腰丛神经,平扫,MR
脊柱,腰丛神经,增强,MR
脊柱,骶丛神经,平扫,MR
脊柱,骶丛神经,增强,MR
脊柱,坐骨神经,平扫,MR
脊柱,坐骨神经,MRM,MR
脊柱,全脊柱,平扫,MR
脊柱,全脊柱,增强,MR
脊柱,全脊柱,MRM,MR
上肢,肩关节,平扫,MR
上肢,肩关节,增强,MR
上肢,左肩关节,平扫,MR
上肢,左肩关节,增强,MR
上肢,右肩关节,平扫,MR
上肢,右肩关节,增强,MR
上肢,双肩关节,平扫,MR
上肢,双肩关节,增强,MR
上肢,锁骨,平扫,MR
上肢,锁骨,增强,MR
上肢,左锁骨,平扫,MR
上肢,左锁骨,增强,MR
上肢,右锁骨,平扫,MR
上肢,右锁骨,增强,MR
上肢,双锁骨,平扫,MR
上肢,双锁骨,增强,MR
上肢,肩胛骨,平扫,MR
上肢,肩胛骨,增强,MR
上肢,左肩胛骨,平扫,MR
上肢,左肩胛骨,增强,MR
上肢,右肩胛骨,平扫,MR
上肢,右肩胛骨,增强,MR
上肢,双肩胛骨,平扫,MR
上肢,双肩胛骨,增强,MR
上肢,肩锁关节,平扫,MR
上肢,肩锁关节,增强,MR
上肢,左肩锁关节,平扫,MR
上肢,左肩锁关节,增强,MR
上肢,右肩锁关节,平扫,MR
上肢,右肩锁关节,增强,MR
上肢,双肩锁关节,平扫,MR
上肢,双肩锁关节,增强,MR
上肢,胸锁关节,平扫,MR
上肢,胸锁关节,增强,MR
上肢,左胸锁关节,平扫,MR
上肢,左胸锁关节,增强,MR
上肢,右胸锁关节,平扫,MR
上肢,右胸锁关节,增强,MR
上肢,双胸锁关节,平扫,MR
上肢,双胸锁关节,增强,MR
上肢,手,平扫,MR
上肢,手,增强,MR
上肢,左手,平扫,MR
上肢,左手,增强,MR
上肢,右手,平扫,MR
上肢,右手,增强,MR
上肢,双手,平扫,MR
上肢,双手,增强,MR
上肢,手指,平扫,MR
上肢,手指,增强,MR
上肢,左手指,平扫,MR
上肢,左手指,增强,MR
上肢,右手指,平扫,MR
上肢,右手指,增强,MR
上肢,双手指,平扫,MR
上肢,双手指,增强,MR
上肢,上臂,平扫,MR
上肢,上臂,增强,MR
上肢,左上臂,平扫,MR
上肢,左上臂,增强,MR
上肢,右上臂,平扫,MR
上肢,右上臂,增强,MR
上肢,双上臂,平扫,MR
上肢,双上臂,增强,MR
上肢,前臂,平扫,MR
上肢,前臂,增强,MR
上肢,左前臂,平扫,MR
上肢,左前臂,增强,MR
上肢,右前臂,平扫,MR
上肢,右前臂,增强,MR
上肢,双前臂,平扫,MR
上肢,双前臂,增强,MR
上肢,肘关节,平扫,MR
上肢,肘关节,增强,MR
上肢,左肘关节,平扫,MR
上肢,左肘关节,增强,MR
上肢,右肘关节,平扫,MR
上肢,右肘关节,增强,MR
上肢,双肘关节,平扫,MR
上肢,双肘关节,增强,MR
上肢,腕关节,平扫,MR
上肢,腕关节,增强,MR
上肢,左腕关节,平扫,MR
上肢,左腕关节,增强,MR
上肢,右腕关节,平扫,MR
上肢,右腕关节,增强,MR
上肢,双腕关节,平扫,MR
上肢,双腕关节,增强,MR
上肢,上肢全长,平扫,MR
上肢,上肢全长,增强,MR
上肢,左上肢全长,平扫,MR
上肢,左上肢全长,增强,MR
上肢,右上肢全长,平扫,MR
上肢,右上肢全长,增强,MR
上肢,双上肢全长,平扫,MR
上肢,双上肢全长,增强,MR
下肢,膝关节,平扫,MR
下肢,膝关节,增强,MR
下肢,膝关节,HRMRI,MR
下肢,左膝关节,平扫,MR
下肢,左膝关节,增强,MR
下肢,左膝关节,HRMRI,MR
下肢,右膝关节,平扫,MR
下肢,右膝关节,增强,MR
下肢,右膝关节,HRMRI,MR
下肢,双膝关节,平扫,MR
下肢,双膝关节,增强,MR
下肢,双膝关节,HRMRI,MR
下肢,踝关节,平扫,MR
下肢,踝关节,增强,MR
下肢,左踝关节,平扫,MR
下肢,左踝关节,增强,MR
下肢,右踝关节,平扫,MR
下肢,右踝关节,增强,MR
下肢,双踝关节,平扫,MR
下肢,双踝关节,增强,MR
下肢,髋关节,平扫,MR
下肢,髋关节,增强,MR
下肢,左髋关节,平扫,MR
下肢,左髋关节,增强,MR
下肢,右髋关节,平扫,MR
下肢,右髋关节,增强,MR
下肢,双髋关节,平扫,MR
下肢,双髋关节,增强,MR
下肢,足部,平扫,MR
下肢,足部,增强,MR
下肢,左足部,平扫,MR
下肢,左足部,增强,MR
下肢,右足部,平扫,MR
下肢,右足部,增强,MR
下肢,双足部,平扫,MR
下肢,双足部,增强,MR
下肢,小腿,平扫,MR
下肢,小腿,增强,MR
下肢,左小腿,平扫,MR
下肢,左小腿,增强,MR
下肢,右小腿,平扫,MR
下肢,右小腿,增强,MR
下肢,双小腿,平扫,MR
下肢,双小腿,增强,MR
下肢,大腿,平扫,MR
下肢,大腿,增强,MR
下肢,左大腿,平扫,MR
下肢,左大腿,增强,MR
下肢,右大腿,平扫,MR
下肢,右大腿,增强,MR
下肢,双大腿,平扫,MR
下肢,双大腿,增强,MR
下肢,骶髂关节,平扫,MR
下肢,骶髂关节,增强,MR
下肢,左骶髂关节,平扫,MR
下肢,左骶髂关节,增强,MR
下肢,右骶髂关节,平扫,MR
下肢,右骶髂关节,增强,MR
下肢,双骶髂关节,平扫,MR
下肢,双骶髂关节,增强,MR
下肢,骨盆,平扫,MR
下肢,骨盆,增强,MR
下肢,下肢全长,平扫,MR
下肢,下肢全长,增强,MR
下肢,左下肢全长,平扫,MR
下肢,左下肢全长,增强,MR
下肢,右下肢全长,平扫,MR
下肢,右下肢全长,增强,MR
下肢,双下肢全长,平扫,MR
下肢,双下肢全长,增强,MR
下肢,下肢动脉,MRA,MR
下肢,左下肢动脉,MRA,MR
下肢,右下肢动脉,MRA,MR
下肢,双下肢动脉,MRA,MR
下肢,臀部,平扫,MR
下肢,骶髂关节,前斜位,DR
下肢,双骶髂关节,前斜位,DR
下肢,左骶髂关节,前斜位,DR
下肢,右骶髂关节,前斜位,DR
上肢,左胸锁关节,后前斜位,DR
上肢,右胸锁关节,后前斜位,DR
上肢,双胸锁关节,后前斜位,DR
头部,蝶鞍,前后轴位,DR
头部,鞍区,侧位,DR
头部,鞍区,前后轴位,DR
胸部,肺尖,前后（AP）位,DR
头部,头颅,颏顶位,DR
头部,颞骨岩部,轴位,DR
头部,颞骨岩部,后前斜位,DR
头部,颞骨岩部,前后（AP）位,DR
上肢,左肩关节,仰卧轴位,DR
上肢,右肩关节,仰卧轴位,DR
上肢,双肩关节,仰卧轴位,DR
胸部,左肋骨,前后（AP）位,DR
胸部,左肋骨,后前斜位,DR
胸部,左肋骨,前后斜位,DR
胸部,右肋骨,前后（AP）位,DR
胸部,右肋骨,后前斜位,DR
胸部,右肋骨,前后斜位,DR
腹部,肾动脉,CE-MRA,MR
头部,听神经,平扫,MR
头部,听神经,增强,MR
头部,三叉神经,平扫,MR
头部,三叉神经,增强,MR
脊柱,全脊髓,平扫,MR
脊柱,全脊髓,增强,MR
胸部,胸主动脉,MRA,MR
胸部,胸主动脉,CE-MRA,MR
胸部,冠状动脉,MRA,MR
腹部,腹主动脉,MRA,MR
腹部,腹主动脉,CE-MRA,MR
腹部,腹腔动脉,MRA,MR
腹部,腹腔动脉,CE-MRA,MR
腹部,肝动脉,MRA,MR
腹部,肝动脉,CE-MRA,MR
腹部,脾动脉,MRA,MR
腹部,脾动脉,CE-MRA,MR
腹部,肠系膜上动脉,MRA,MR
腹部,肠系膜上动脉,CE-MRA,MR
腹部,肠系膜下动脉,MRA,MR
腹部,肠系膜下动脉,CE-MRA,MR
腹部,髂动脉,MRA,MR
腹部,髂动脉,CE-MRA,MR
胸部,胸部及纵膈动脉,MRA,MR
胸部,胸部及纵膈动脉,CE-MRA,MR
胸部,胸部及纵膈静脉,MRV,MR
胸部,胸部及纵膈静脉,CE-MRV,MR
胸部,肺动脉,MRA,MR
胸部,肺动脉,CE-MRA,MR
上肢,上肢动脉,MRA,MR
上肢,左上肢动脉,MRA,MR
上肢,右上肢动脉,MRA,MR
上肢,双上肢动脉,MRA,MR
上肢,上肢动脉,CE-MRA,MR
上肢,左上肢动脉,CE-MRA,MR
上肢,右上肢动脉,CE-MRA,MR
上肢,双上肢动脉,CE-MRA,MR
下肢,下肢动脉,CE-MRA,MR
腹部,肾动脉（移植）,CE-MRA,MR
头部,静脉窦,平扫,MR
颈部,左颈静脉,MRV,MR
颈部,右颈静脉,MRV,MR
胸部,上腔静脉,MRA,MR
颈部,双颈静脉,MRV,MR
上肢,锁骨下静脉,MRV,MR
上肢,左锁骨下静脉,MRV,MR
上肢,右锁骨下静脉,MRV,MR
上肢,双锁骨下静脉,MRV,MR
胸部,纵膈,平扫,MR
胸部,纵膈,增强,MR
下肢,左下肢动脉,CE-MRA,MR
下肢,右下肢动脉,CE-MRA,MR
下肢,双下肢动脉,CE-MRA,MR
腹部,下腔静脉,MRA,MR
腹部,髂静脉,MRV,MR
腹部,双髂静脉,MRV,MR
腹部,左髂静脉,MRV,MR
腹部,右髂静脉,MRV,MR
腹部,脾静脉,MRV,MR
腹部,脾静脉,MRV,MR
头部,颅脑静脉,SWI,MR
下肢,下肢静脉,造影,DR
下肢,双下肢静脉,造影,DR
下肢,左下肢静脉,造影,DR
下肢,右下肢静脉,造影,DR
头部,左泪囊,造影,DR
头部,右泪囊,造影,DR
头部,双泪囊,造影,DR
头部,泪囊,造影,DR
腹部,小肠,造影（硫酸钡-灌注）,DR
腹部,小肠,造影（硫酸钡-口服）,DR
腹部,小肠,造影（气钡双对比-双入路）,DR
腹部,结肠,造影（气钡双对比-双入路）,DR
腹部,结肠,造影（硫酸钡-灌注）,DR
腹部,结肠,造影,DR
腹部,直肠,造影（硫酸钡-灌注）,DR
腹部,胆道,造影（灌注）,DR
腹部,胆道,造影（经皮穿刺注入）,DR
腹部,胆胰管,造影（经腔内镜介入）,DR
胸部,左侧乳腺导管,造影,DR
胸部,右侧乳腺导管,造影,DR
胸部,双侧乳腺导管,造影,DR
腹部,肾盂,造影（经静脉刺注入）,DR
盆腔,膀胱,造影,DR
盆腔,阴道,造影,DR
盆腔,子宫输卵管,造影（碘化油-灌注）,DR
盆腔,尿道,造影,DR
胸部,食道,造影（硫酸钡-口服）,DR
腹部,上消化道,造影（硫酸钡-口服）,DR
腹部,脾静脉,CTV,CT
腹部,肝静脉,CTV,CT
头部,唾液腺,平扫,CT
头部,唾液腺,增强,CT
腹部,胃部,增强,CT
腹部,十二指肠,增强,CT
腹部,结肠,增强,CT
腹部,直肠,增强,CT
腹部,脾脏,增强,CT
腹部,胆囊,造影（口服）,CT
腹部,后腹膜区,增强,CT
腹部,胃,平扫,CT
腹部,十二指肠,平扫,CT
腹部,结肠,平扫,CT
腹部,直肠,平扫,CT
腹部,脾脏,平扫,CT
腹部,后腹膜区,平扫,CT
腹部,腹腔动脉,CTA,CT
腹部,肝动脉,CTA,CT
腹部,肝动脉,CTA,CT
腹部,脾动脉,CTA,CT
头部,口腔,平扫薄层扫描,CT
头部,下颌骨,平扫薄层扫描,CT
上肢,左手,平扫薄层扫描,CT
上肢,右手,平扫薄层扫描,CT
上肢,双手,平扫薄层扫描,CT
上肢,手,平扫薄层扫描,CT
上肢,左腕关节,平扫薄层扫描,CT
上肢,右腕关节,平扫薄层扫描,CT
上肢,双腕关节,平扫薄层扫描,CT
上肢,双腕关节,平扫薄层扫描,CT
上肢,左尺桡骨,平扫薄层扫描,CT
上肢,右尺桡骨,平扫薄层扫描,CT
上肢,双尺桡骨,平扫薄层扫描,CT
上肢,尺桡骨,平扫薄层扫描,CT
上肢,左肘关节,平扫薄层扫描,CT
上肢,右肘关节,平扫薄层扫描,CT
上肢,双肘关节,平扫薄层扫描,CT
上肢,肘关节,平扫薄层扫描,CT
上肢,左肱骨,平扫薄层扫描,CT
上肢,右肱骨,平扫薄层扫描,CT
上肢,双肱骨,平扫薄层扫描,CT
上肢,肱骨,平扫薄层扫描,CT
上肢,左肩关节,平扫薄层扫描,CT
上肢,右肩关节,平扫薄层扫描,CT
上肢,双肩关节,平扫薄层扫描,CT
上肢,肩关节,平扫薄层扫描,CT
下肢,左足部,平扫薄层扫描,CT
下肢,右足部,平扫薄层扫描,CT
下肢,双足部,平扫薄层扫描,CT
下肢,足部,平扫薄层扫描,CT
下肢,左踝关节,平扫薄层扫描,CT
下肢,右踝关节,平扫薄层扫描,CT
下肢,双踝关节,平扫薄层扫描,CT
下肢,踝关节,平扫薄层扫描,CT
下肢,左胫腓骨,平扫薄层扫描,CT
下肢,右胫腓骨,平扫薄层扫描,CT
下肢,双胫腓骨,平扫薄层扫描,CT
下肢,胫腓骨,平扫薄层扫描,CT
下肢,左膝关节,平扫薄层扫描,CT
下肢,右膝关节,平扫薄层扫描,CT
下肢,双膝关节,平扫薄层扫描,CT
下肢,膝关节,平扫薄层扫描,CT
下肢,左髋关节,平扫薄层扫描,CT
下肢,右髋关节,平扫薄层扫描,CT
下肢,双髋关节,平扫薄层扫描,CT
下肢,髋关节,平扫薄层扫描,CT
下肢,骨盆,平扫薄层扫描,CT
头部,颌面部,平扫薄层扫描,CT
腹部,肾脏,DWI,MR
上肢,腕关节,斜位,DR
上肢,左腕关节,斜位,DR
上肢,右腕关节,斜位,DR
上肢,双腕关节,斜位,DR
上肢,足部,负重位,DR
上肢,左足部,负重位,DR
上肢,右足部,负重位,DR
上肢,双足部,负重位,DR
腹部,前列腺,平扫,CT
腹部,前列腺,增强,CT
胸部,肺,HRCT（高分辨力平扫）,CT
腹部,肠系上膜动脉,CTA,CT
腹部,肠系下膜动脉,CTA,CT
上肢,肩关节,正位,DR
上肢,左肩关节,正位,DR
上肢,右肩关节,正位,DR
上肢,双肩关节,正位,DR
上肢,肩关节,侧位,DR
上肢,左肩关节,侧位,DR
上肢,右肩关节,侧位,DR
上肢,双肩关节,正位,DR
胸部,胸部及纵膈静脉,CTV,CT
胸部,胸部及纵膈动脉,CTA,CT
上肢,肩关节,Y位,DR
上肢,左肩关节,Y位,DR
上肢,右肩关节,Y位,DR
上肢,双肩关节,Y位,DR
胸部,乳腺,轴位,DR
胸部,左侧乳腺,轴位,DR
胸部,右侧乳腺,轴位,DR
胸部,双侧乳腺,轴位,DR
头部,颅面骨,平扫,CT
头部,颅面骨,增强,CT
头部,颅面骨,平扫,MR
头部,颅面骨,增强,MR
头部,耳部,平扫,CT
头部,耳部,增强,CT
头部,耳部,平扫,MR
头部,耳部,增强,MR
头部,颞骨,平扫,CT
头部,颞骨,增强,CT
头部,颞骨,平扫,MR
头部,颞骨,增强,MR
